REF_DATE,North American Product Classification System (NAPCS),VALUE
Mar-20,"Total, Industrial product price index (IPPI)",98.9
Apr-20,"Total, Industrial product price index (IPPI)",97
May-20,"Total, Industrial product price index (IPPI)",97.9
Jun-20,"Total, Industrial product price index (IPPI)",98
Jul-20,"Total, Industrial product price index (IPPI)",99.1
Aug-20,"Total, Industrial product price index (IPPI)",100.1
Sep-20,"Total, Industrial product price index (IPPI)",100.8
Oct-20,"Total, Industrial product price index (IPPI)",100.9
Nov-20,"Total, Industrial product price index (IPPI)",100.5
Dec-20,"Total, Industrial product price index (IPPI)",102.1
Jan-21,"Total, Industrial product price index (IPPI)",104.3
Feb-21,"Total, Industrial product price index (IPPI)",107.4
Mar-21,"Total, Industrial product price index (IPPI)",109.2
Apr-21,"Total, Industrial product price index (IPPI)",111.5
May-21,"Total, Industrial product price index (IPPI)",114.8
Jun-21,"Total, Industrial product price index (IPPI)",115
Jul-21,"Total, Industrial product price index (IPPI)",115
Aug-21,"Total, Industrial product price index (IPPI)",114.6
Sep-21,"Total, Industrial product price index (IPPI)",116
Oct-21,"Total, Industrial product price index (IPPI)",117.6
Nov-21,"Total, Industrial product price index (IPPI)",117.6
Dec-21,"Total, Industrial product price index (IPPI)",118.2
Jan-22,"Total, Industrial product price index (IPPI)",121.3
Feb-22,"Total, Industrial product price index (IPPI)",124.6
Mar-22,"Total, Industrial product price index (IPPI)",129
Apr-22,"Total, Industrial product price index (IPPI)",130.5
May-22,"Total, Industrial product price index (IPPI)",132.7
Jun-22,"Total, Industrial product price index (IPPI)",131.6
Jul-22,"Total, Industrial product price index (IPPI)",128.4
Aug-22,"Total, Industrial product price index (IPPI)",126.5
Sep-22,"Total, Industrial product price index (IPPI)",126.3
Oct-22,"Total, Industrial product price index (IPPI)",129.2
Nov-22,"Total, Industrial product price index (IPPI)",128.2
Dec-22,"Total, Industrial product price index (IPPI)",127.1
Jan-23,"Total, Industrial product price index (IPPI)",127.1
Feb-23,"Total, Industrial product price index (IPPI)",126.4
Mar-23,"Total, Industrial product price index (IPPI)",126.2
Apr-23,"Total, Industrial product price index (IPPI)",125.9
May-23,"Total, Industrial product price index (IPPI)",125.2
Jun-23,"Total, Industrial product price index (IPPI)",124.3
Jul-23,"Total, Industrial product price index (IPPI)",124.3
Aug-23,"Total, Industrial product price index (IPPI)",126.5
Sep-23,"Total, Industrial product price index (IPPI)",127
Oct-23,"Total, Industrial product price index (IPPI)",125.8
Nov-23,"Total, Industrial product price index (IPPI)",125.3
Dec-23,"Total, Industrial product price index (IPPI)",123.3
Jan-24,"Total, Industrial product price index (IPPI)",123.3
Feb-24,"Total, Industrial product price index (IPPI)",124.6
Mar-24,"Total, Industrial product price index (IPPI)",125.7
Apr-24,"Total, Industrial product price index (IPPI)",127.7
May-24,"Total, Industrial product price index (IPPI)",128
Jun-24,"Total, Industrial product price index (IPPI)",127.9
Jul-24,"Total, Industrial product price index (IPPI)",127.9
Aug-24,"Total, Industrial product price index (IPPI)",126.7
Sep-24,"Total, Industrial product price index (IPPI)",125.7
Oct-24,"Total, Industrial product price index (IPPI)",127.2
Nov-24,"Total, Industrial product price index (IPPI)",127.9
Dec-24,"Total, Industrial product price index (IPPI)",128.4
Jan-25,"Total, Industrial product price index (IPPI)",130.5
Mar-20,"Total Industrial product price index (IPPI), excluding energy and petroleum products",101.7
Apr-20,"Total Industrial product price index (IPPI), excluding energy and petroleum products",101.7
May-20,"Total Industrial product price index (IPPI), excluding energy and petroleum products",102.2
Jun-20,"Total Industrial product price index (IPPI), excluding energy and petroleum products",101.4
Jul-20,"Total Industrial product price index (IPPI), excluding energy and petroleum products",101.9
Aug-20,"Total Industrial product price index (IPPI), excluding energy and petroleum products",103.1
Sep-20,"Total Industrial product price index (IPPI), excluding energy and petroleum products",104.3
Oct-20,"Total Industrial product price index (IPPI), excluding energy and petroleum products",104.3
Nov-20,"Total Industrial product price index (IPPI), excluding energy and petroleum products",103.6
Dec-20,"Total Industrial product price index (IPPI), excluding energy and petroleum products",104.7
Jan-21,"Total Industrial product price index (IPPI), excluding energy and petroleum products",106.4
Feb-21,"Total Industrial product price index (IPPI), excluding energy and petroleum products",108.8
Mar-21,"Total Industrial product price index (IPPI), excluding energy and petroleum products",110.4
Apr-21,"Total Industrial product price index (IPPI), excluding energy and petroleum products",112.9
May-21,"Total Industrial product price index (IPPI), excluding energy and petroleum products",115.9
Jun-21,"Total Industrial product price index (IPPI), excluding energy and petroleum products",116
Jul-21,"Total Industrial product price index (IPPI), excluding energy and petroleum products",115.6
Aug-21,"Total Industrial product price index (IPPI), excluding energy and petroleum products",115.3
Sep-21,"Total Industrial product price index (IPPI), excluding energy and petroleum products",116.3
Oct-21,"Total Industrial product price index (IPPI), excluding energy and petroleum products",117.1
Nov-21,"Total Industrial product price index (IPPI), excluding energy and petroleum products",117.3
Dec-21,"Total Industrial product price index (IPPI), excluding energy and petroleum products",118.6
Jan-22,"Total Industrial product price index (IPPI), excluding energy and petroleum products",120.7
Feb-22,"Total Industrial product price index (IPPI), excluding energy and petroleum products",123.2
Mar-22,"Total Industrial product price index (IPPI), excluding energy and petroleum products",125.3
Apr-22,"Total Industrial product price index (IPPI), excluding energy and petroleum products",125.9
May-22,"Total Industrial product price index (IPPI), excluding energy and petroleum products",126.1
Jun-22,"Total Industrial product price index (IPPI), excluding energy and petroleum products",124.2
Jul-22,"Total Industrial product price index (IPPI), excluding energy and petroleum products",123.1
Aug-22,"Total Industrial product price index (IPPI), excluding energy and petroleum products",122.5
Sep-22,"Total Industrial product price index (IPPI), excluding energy and petroleum products",123
Oct-22,"Total Industrial product price index (IPPI), excluding energy and petroleum products",124
Nov-22,"Total Industrial product price index (IPPI), excluding energy and petroleum products",123.7
Dec-22,"Total Industrial product price index (IPPI), excluding energy and petroleum products",124.4
Jan-23,"Total Industrial product price index (IPPI), excluding energy and petroleum products",124.3
Feb-23,"Total Industrial product price index (IPPI), excluding energy and petroleum products",124.4
Mar-23,"Total Industrial product price index (IPPI), excluding energy and petroleum products",124.8
Apr-23,"Total Industrial product price index (IPPI), excluding energy and petroleum products",124.9
May-23,"Total Industrial product price index (IPPI), excluding energy and petroleum products",124.9
Jun-23,"Total Industrial product price index (IPPI), excluding energy and petroleum products",123.7
Jul-23,"Total Industrial product price index (IPPI), excluding energy and petroleum products",123.1
Aug-23,"Total Industrial product price index (IPPI), excluding energy and petroleum products",123.9
Sep-23,"Total Industrial product price index (IPPI), excluding energy and petroleum products",123.9
Oct-23,"Total Industrial product price index (IPPI), excluding energy and petroleum products",123.6
Nov-23,"Total Industrial product price index (IPPI), excluding energy and petroleum products",123.5
Dec-23,"Total Industrial product price index (IPPI), excluding energy and petroleum products",122.7
Jan-24,"Total Industrial product price index (IPPI), excluding energy and petroleum products",122.8
Feb-24,"Total Industrial product price index (IPPI), excluding energy and petroleum products",123.5
Mar-24,"Total Industrial product price index (IPPI), excluding energy and petroleum products",124.5
Apr-24,"Total Industrial product price index (IPPI), excluding energy and petroleum products",126.4
May-24,"Total Industrial product price index (IPPI), excluding energy and petroleum products",127.3
Jun-24,"Total Industrial product price index (IPPI), excluding energy and petroleum products",127.2
Jul-24,"Total Industrial product price index (IPPI), excluding energy and petroleum products",126.9
Aug-24,"Total Industrial product price index (IPPI), excluding energy and petroleum products",126.4
Sep-24,"Total Industrial product price index (IPPI), excluding energy and petroleum products",126.4
Oct-24,"Total Industrial product price index (IPPI), excluding energy and petroleum products",127.7
Nov-24,"Total Industrial product price index (IPPI), excluding energy and petroleum products",128.3
Dec-24,"Total Industrial product price index (IPPI), excluding energy and petroleum products",129
Jan-25,"Total Industrial product price index (IPPI), excluding energy and petroleum products",130.2
Mar-20,"Meat, fish and dairy products [P11]",101.7
Apr-20,"Meat, fish and dairy products [P11]",107
May-20,"Meat, fish and dairy products [P11]",114
Jun-20,"Meat, fish and dairy products [P11]",108.3
Jul-20,"Meat, fish and dairy products [P11]",101.5
Aug-20,"Meat, fish and dairy products [P11]",101.7
Sep-20,"Meat, fish and dairy products [P11]",102.8
Oct-20,"Meat, fish and dairy products [P11]",101.9
Nov-20,"Meat, fish and dairy products [P11]",100.3
Dec-20,"Meat, fish and dairy products [P11]",97.6
Jan-21,"Meat, fish and dairy products [P11]",99.2
Feb-21,"Meat, fish and dairy products [P11]",102.8
Mar-21,"Meat, fish and dairy products [P11]",104
Apr-21,"Meat, fish and dairy products [P11]",108.3
May-21,"Meat, fish and dairy products [P11]",112.4
Jun-21,"Meat, fish and dairy products [P11]",115.2
Jul-21,"Meat, fish and dairy products [P11]",110.3
Aug-21,"Meat, fish and dairy products [P11]",114.3
Sep-21,"Meat, fish and dairy products [P11]",113.4
Oct-21,"Meat, fish and dairy products [P11]",109
Nov-21,"Meat, fish and dairy products [P11]",107.2
Dec-21,"Meat, fish and dairy products [P11]",106.3
Jan-22,"Meat, fish and dairy products [P11]",107.3
Feb-22,"Meat, fish and dairy products [P11]",110.6
Mar-22,"Meat, fish and dairy products [P11]",110.1
Apr-22,"Meat, fish and dairy products [P11]",112.6
May-22,"Meat, fish and dairy products [P11]",114.2
Jun-22,"Meat, fish and dairy products [P11]",114.4
Jul-22,"Meat, fish and dairy products [P11]",114.2
Aug-22,"Meat, fish and dairy products [P11]",113.8
Sep-22,"Meat, fish and dairy products [P11]",113.7
Oct-22,"Meat, fish and dairy products [P11]",113.9
Nov-22,"Meat, fish and dairy products [P11]",113.7
Dec-22,"Meat, fish and dairy products [P11]",113.1
Jan-23,"Meat, fish and dairy products [P11]",112.8
Feb-23,"Meat, fish and dairy products [P11]",114.1
Mar-23,"Meat, fish and dairy products [P11]",115.4
Apr-23,"Meat, fish and dairy products [P11]",116.8
May-23,"Meat, fish and dairy products [P11]",119.4
Jun-23,"Meat, fish and dairy products [P11]",120.4
Jul-23,"Meat, fish and dairy products [P11]",118.1
Aug-23,"Meat, fish and dairy products [P11]",119
Sep-23,"Meat, fish and dairy products [P11]",117.7
Oct-23,"Meat, fish and dairy products [P11]",118.4
Nov-23,"Meat, fish and dairy products [P11]",118.2
Dec-23,"Meat, fish and dairy products [P11]",117.3
Jan-24,"Meat, fish and dairy products [P11]",114.3
Feb-24,"Meat, fish and dairy products [P11]",113.6
Mar-24,"Meat, fish and dairy products [P11]",116.8
Apr-24,"Meat, fish and dairy products [P11]",118.2
May-24,"Meat, fish and dairy products [P11]",119.9
Jun-24,"Meat, fish and dairy products [P11]",123.2
Jul-24,"Meat, fish and dairy products [P11]",122.5
Aug-24,"Meat, fish and dairy products [P11]",120.5
Sep-24,"Meat, fish and dairy products [P11]",119.2
Oct-24,"Meat, fish and dairy products [P11]",119.7
Nov-24,"Meat, fish and dairy products [P11]",118.4
Dec-24,"Meat, fish and dairy products [P11]",119.3
Jan-25,"Meat, fish and dairy products [P11]",119.5
Mar-20,"Fruit, vegetables, feed and other food products [P12]",100.4
Apr-20,"Fruit, vegetables, feed and other food products [P12]",99.6
May-20,"Fruit, vegetables, feed and other food products [P12]",100.7
Jun-20,"Fruit, vegetables, feed and other food products [P12]",100.2
Jul-20,"Fruit, vegetables, feed and other food products [P12]",100.5
Aug-20,"Fruit, vegetables, feed and other food products [P12]",100.1
Sep-20,"Fruit, vegetables, feed and other food products [P12]",102.2
Oct-20,"Fruit, vegetables, feed and other food products [P12]",103.9
Nov-20,"Fruit, vegetables, feed and other food products [P12]",104.3
Dec-20,"Fruit, vegetables, feed and other food products [P12]",105.7
Jan-21,"Fruit, vegetables, feed and other food products [P12]",106.8
Feb-21,"Fruit, vegetables, feed and other food products [P12]",108.6
Mar-21,"Fruit, vegetables, feed and other food products [P12]",110.3
Apr-21,"Fruit, vegetables, feed and other food products [P12]",112.3
May-21,"Fruit, vegetables, feed and other food products [P12]",114.3
Jun-21,"Fruit, vegetables, feed and other food products [P12]",112.6
Jul-21,"Fruit, vegetables, feed and other food products [P12]",114.1
Aug-21,"Fruit, vegetables, feed and other food products [P12]",114.1
Sep-21,"Fruit, vegetables, feed and other food products [P12]",114.7
Oct-21,"Fruit, vegetables, feed and other food products [P12]",115.1
Nov-21,"Fruit, vegetables, feed and other food products [P12]",116.6
Dec-21,"Fruit, vegetables, feed and other food products [P12]",117.5
Jan-22,"Fruit, vegetables, feed and other food products [P12]",120.3
Feb-22,"Fruit, vegetables, feed and other food products [P12]",123.3
Mar-22,"Fruit, vegetables, feed and other food products [P12]",126.6
Apr-22,"Fruit, vegetables, feed and other food products [P12]",128.9
May-22,"Fruit, vegetables, feed and other food products [P12]",131.3
Jun-22,"Fruit, vegetables, feed and other food products [P12]",130.8
Jul-22,"Fruit, vegetables, feed and other food products [P12]",131.5
Aug-22,"Fruit, vegetables, feed and other food products [P12]",133.7
Sep-22,"Fruit, vegetables, feed and other food products [P12]",134.3
Oct-22,"Fruit, vegetables, feed and other food products [P12]",135.1
Nov-22,"Fruit, vegetables, feed and other food products [P12]",136.3
Dec-22,"Fruit, vegetables, feed and other food products [P12]",135.1
Jan-23,"Fruit, vegetables, feed and other food products [P12]",136.2
Feb-23,"Fruit, vegetables, feed and other food products [P12]",135.4
Mar-23,"Fruit, vegetables, feed and other food products [P12]",135.8
Apr-23,"Fruit, vegetables, feed and other food products [P12]",135.4
May-23,"Fruit, vegetables, feed and other food products [P12]",133.1
Jun-23,"Fruit, vegetables, feed and other food products [P12]",133.4
Jul-23,"Fruit, vegetables, feed and other food products [P12]",134.6
Aug-23,"Fruit, vegetables, feed and other food products [P12]",135.6
Sep-23,"Fruit, vegetables, feed and other food products [P12]",135.2
Oct-23,"Fruit, vegetables, feed and other food products [P12]",134.7
Nov-23,"Fruit, vegetables, feed and other food products [P12]",135
Dec-23,"Fruit, vegetables, feed and other food products [P12]",133.5
Jan-24,"Fruit, vegetables, feed and other food products [P12]",132
Feb-24,"Fruit, vegetables, feed and other food products [P12]",131.1
Mar-24,"Fruit, vegetables, feed and other food products [P12]",131
Apr-24,"Fruit, vegetables, feed and other food products [P12]",130.7
May-24,"Fruit, vegetables, feed and other food products [P12]",131.9
Jun-24,"Fruit, vegetables, feed and other food products [P12]",132.6
Jul-24,"Fruit, vegetables, feed and other food products [P12]",132.5
Aug-24,"Fruit, vegetables, feed and other food products [P12]",131.1
Sep-24,"Fruit, vegetables, feed and other food products [P12]",131.6
Oct-24,"Fruit, vegetables, feed and other food products [P12]",131.7
Nov-24,"Fruit, vegetables, feed and other food products [P12]",132.4
Dec-24,"Fruit, vegetables, feed and other food products [P12]",131.6
Jan-25,"Fruit, vegetables, feed and other food products [P12]",134.4
Mar-20,Beverages (except juices) [P13],100.4
Apr-20,Beverages (except juices) [P13],101.4
May-20,Beverages (except juices) [P13],101.4
Jun-20,Beverages (except juices) [P13],101.2
Jul-20,Beverages (except juices) [P13],100.5
Aug-20,Beverages (except juices) [P13],99.7
Sep-20,Beverages (except juices) [P13],100
Oct-20,Beverages (except juices) [P13],100.1
Nov-20,Beverages (except juices) [P13],100.9
Dec-20,Beverages (except juices) [P13],100.4
Jan-21,Beverages (except juices) [P13],100.9
Feb-21,Beverages (except juices) [P13],101.9
Mar-21,Beverages (except juices) [P13],102.2
Apr-21,Beverages (except juices) [P13],102.3
May-21,Beverages (except juices) [P13],100.8
Jun-21,Beverages (except juices) [P13],101.9
Jul-21,Beverages (except juices) [P13],101.3
Aug-21,Beverages (except juices) [P13],100.7
Sep-21,Beverages (except juices) [P13],100.5
Oct-21,Beverages (except juices) [P13],101.5
Nov-21,Beverages (except juices) [P13],101.5
Dec-21,Beverages (except juices) [P13],101.6
Jan-22,Beverages (except juices) [P13],103.1
Feb-22,Beverages (except juices) [P13],105.2
Mar-22,Beverages (except juices) [P13],105.3
Apr-22,Beverages (except juices) [P13],107.8
May-22,Beverages (except juices) [P13],108.3
Jun-22,Beverages (except juices) [P13],107.8
Jul-22,Beverages (except juices) [P13],108.2
Aug-22,Beverages (except juices) [P13],112.6
Sep-22,Beverages (except juices) [P13],111.9
Oct-22,Beverages (except juices) [P13],112.7
Nov-22,Beverages (except juices) [P13],114.9
Dec-22,Beverages (except juices) [P13],114.2
Jan-23,Beverages (except juices) [P13],116.5
Feb-23,Beverages (except juices) [P13],117.4
Mar-23,Beverages (except juices) [P13],118
Apr-23,Beverages (except juices) [P13],118.9
May-23,Beverages (except juices) [P13],119.5
Jun-23,Beverages (except juices) [P13],119.6
Jul-23,Beverages (except juices) [P13],119.4
Aug-23,Beverages (except juices) [P13],119.3
Sep-23,Beverages (except juices) [P13],118.9
Oct-23,Beverages (except juices) [P13],119.7
Nov-23,Beverages (except juices) [P13],119.3
Dec-23,Beverages (except juices) [P13],119
Jan-24,Beverages (except juices) [P13],121.8
Feb-24,Beverages (except juices) [P13],127.8
Mar-24,Beverages (except juices) [P13],124.5
Apr-24,Beverages (except juices) [P13],124.7
May-24,Beverages (except juices) [P13],125.2
Jun-24,Beverages (except juices) [P13],125.1
Jul-24,Beverages (except juices) [P13],125.3
Aug-24,Beverages (except juices) [P13],125.6
Sep-24,Beverages (except juices) [P13],125.6
Oct-24,Beverages (except juices) [P13],125.6
Nov-24,Beverages (except juices) [P13],125.3
Dec-24,Beverages (except juices) [P13],125.1
Jan-25,Beverages (except juices) [P13],127.5
Mar-20,Tobacco products [P14],100.5
Apr-20,Tobacco products [P14],100.8
May-20,Tobacco products [P14],100.7
Jun-20,Tobacco products [P14],100.5
Jul-20,Tobacco products [P14],100.8
Aug-20,Tobacco products [P14],100.7
Sep-20,Tobacco products [P14],102.4
Oct-20,Tobacco products [P14],102.4
Nov-20,Tobacco products [P14],102.4
Dec-20,Tobacco products [P14],102.3
Jan-21,Tobacco products [P14],103
Feb-21,Tobacco products [P14],103
Mar-21,Tobacco products [P14],
Apr-21,Tobacco products [P14],
May-21,Tobacco products [P14],105.3
Jun-21,Tobacco products [P14],105.4
Jul-21,Tobacco products [P14],105.8
Aug-21,Tobacco products [P14],107.1
Sep-21,Tobacco products [P14],107.2
Oct-21,Tobacco products [P14],106.9
Nov-21,Tobacco products [P14],107
Dec-21,Tobacco products [P14],107.3
Jan-22,Tobacco products [P14],109
Feb-22,Tobacco products [P14],109.1
Mar-22,Tobacco products [P14],109
Apr-22,Tobacco products [P14],109.5
May-22,Tobacco products [P14],109.9
Jun-22,Tobacco products [P14],109.8
Jul-22,Tobacco products [P14],110
Aug-22,Tobacco products [P14],110
Sep-22,Tobacco products [P14],110.5
Oct-22,Tobacco products [P14],113.1
Nov-22,Tobacco products [P14],113.1
Dec-22,Tobacco products [P14],113.2
Jan-23,Tobacco products [P14],115.7
Feb-23,Tobacco products [P14],115.7
Mar-23,Tobacco products [P14],117.7
Apr-23,Tobacco products [P14],120.2
May-23,Tobacco products [P14],121.7
Jun-23,Tobacco products [P14],121.6
Jul-23,Tobacco products [P14],123.7
Aug-23,Tobacco products [P14],123.7
Sep-23,Tobacco products [P14],123.7
Oct-23,Tobacco products [P14],123.7
Nov-23,Tobacco products [P14],123.7
Dec-23,Tobacco products [P14],123.7
Jan-24,Tobacco products [P14],123.7
Feb-24,Tobacco products [P14],123.7
Mar-24,Tobacco products [P14],123.8
Apr-24,Tobacco products [P14],126.3
May-24,Tobacco products [P14],135.4
Jun-24,Tobacco products [P14],130.9
Jul-24,Tobacco products [P14],131
Aug-24,Tobacco products [P14],131
Sep-24,Tobacco products [P14],131
Oct-24,Tobacco products [P14],131
Nov-24,Tobacco products [P14],131
Dec-24,Tobacco products [P14],131
Jan-25,Tobacco products [P14],131.6
Mar-20,"Cannabis products (except seeds, plants, plant parts and fresh cannabis) [P15]",
Apr-20,"Cannabis products (except seeds, plants, plant parts and fresh cannabis) [P15]",
May-20,"Cannabis products (except seeds, plants, plant parts and fresh cannabis) [P15]",
Jun-20,"Cannabis products (except seeds, plants, plant parts and fresh cannabis) [P15]",
Jul-20,"Cannabis products (except seeds, plants, plant parts and fresh cannabis) [P15]",
Aug-20,"Cannabis products (except seeds, plants, plant parts and fresh cannabis) [P15]",
Sep-20,"Cannabis products (except seeds, plants, plant parts and fresh cannabis) [P15]",
Oct-20,"Cannabis products (except seeds, plants, plant parts and fresh cannabis) [P15]",
Nov-20,"Cannabis products (except seeds, plants, plant parts and fresh cannabis) [P15]",
Dec-20,"Cannabis products (except seeds, plants, plant parts and fresh cannabis) [P15]",
Feb-24,"Cannabis products (except seeds, plants, plant parts and fresh cannabis) [P15]",
Mar-24,"Cannabis products (except seeds, plants, plant parts and fresh cannabis) [P15]",
Apr-24,"Cannabis products (except seeds, plants, plant parts and fresh cannabis) [P15]",
May-24,"Cannabis products (except seeds, plants, plant parts and fresh cannabis) [P15]",
Jun-24,"Cannabis products (except seeds, plants, plant parts and fresh cannabis) [P15]",
Jul-24,"Cannabis products (except seeds, plants, plant parts and fresh cannabis) [P15]",
Aug-24,"Cannabis products (except seeds, plants, plant parts and fresh cannabis) [P15]",
Sep-24,"Cannabis products (except seeds, plants, plant parts and fresh cannabis) [P15]",
Oct-24,"Cannabis products (except seeds, plants, plant parts and fresh cannabis) [P15]",
Nov-24,"Cannabis products (except seeds, plants, plant parts and fresh cannabis) [P15]",
Dec-24,"Cannabis products (except seeds, plants, plant parts and fresh cannabis) [P15]",
Jan-25,"Cannabis products (except seeds, plants, plant parts and fresh cannabis) [P15]",
Mar-20,Textile and leather products [P21],102
Apr-20,Textile and leather products [P21],101.9
May-20,Textile and leather products [P21],102.4
Jun-20,Textile and leather products [P21],101
Jul-20,Textile and leather products [P21],99.7
Aug-20,Textile and leather products [P21],99.4
Sep-20,Textile and leather products [P21],99.5
Oct-20,Textile and leather products [P21],99.3
Nov-20,Textile and leather products [P21],97
Dec-20,Textile and leather products [P21],96.7
Jan-21,Textile and leather products [P21],99.4
Feb-21,Textile and leather products [P21],98.4
Mar-21,Textile and leather products [P21],99.2
Apr-21,Textile and leather products [P21],100.9
May-21,Textile and leather products [P21],100
Jun-21,Textile and leather products [P21],101.5
Jul-21,Textile and leather products [P21],103.5
Aug-21,Textile and leather products [P21],105.5
Sep-21,Textile and leather products [P21],106.1
Oct-21,Textile and leather products [P21],106.4
Nov-21,Textile and leather products [P21],107
Dec-21,Textile and leather products [P21],108
Jan-22,Textile and leather products [P21],112.2
Feb-22,Textile and leather products [P21],114.1
Mar-22,Textile and leather products [P21],114.3
Apr-22,Textile and leather products [P21],115.1
May-22,Textile and leather products [P21],117.2
Jun-22,Textile and leather products [P21],118.8
Jul-22,Textile and leather products [P21],120.8
Aug-22,Textile and leather products [P21],121.8
Sep-22,Textile and leather products [P21],122
Oct-22,Textile and leather products [P21],125.9
Nov-22,Textile and leather products [P21],125.2
Dec-22,Textile and leather products [P21],126.4
Jan-23,Textile and leather products [P21],124.8
Feb-23,Textile and leather products [P21],124.7
Mar-23,Textile and leather products [P21],124.1
Apr-23,Textile and leather products [P21],122.6
May-23,Textile and leather products [P21],121.1
Jun-23,Textile and leather products [P21],120.4
Jul-23,Textile and leather products [P21],119.5
Aug-23,Textile and leather products [P21],121.5
Sep-23,Textile and leather products [P21],122.4
Oct-23,Textile and leather products [P21],120.8
Nov-23,Textile and leather products [P21],120.2
Dec-23,Textile and leather products [P21],118.4
Jan-24,Textile and leather products [P21],118.6
Feb-24,Textile and leather products [P21],119.4
Mar-24,Textile and leather products [P21],120.7
Apr-24,Textile and leather products [P21],121.1
May-24,Textile and leather products [P21],121
Jun-24,Textile and leather products [P21],120.5
Jul-24,Textile and leather products [P21],119.9
Aug-24,Textile and leather products [P21],120.2
Sep-24,Textile and leather products [P21],119.5
Oct-24,Textile and leather products [P21],121.1
Nov-24,Textile and leather products [P21],121.2
Dec-24,Textile and leather products [P21],124
Jan-25,Textile and leather products [P21],124.1
Mar-20,"Clothing, footwear and accessories [P22]",100.1
Apr-20,"Clothing, footwear and accessories [P22]",100.1
May-20,"Clothing, footwear and accessories [P22]",100.2
Jun-20,"Clothing, footwear and accessories [P22]",100.2
Jul-20,"Clothing, footwear and accessories [P22]",100
Aug-20,"Clothing, footwear and accessories [P22]",99.9
Sep-20,"Clothing, footwear and accessories [P22]",100.1
Oct-20,"Clothing, footwear and accessories [P22]",100.3
Nov-20,"Clothing, footwear and accessories [P22]",100.2
Dec-20,"Clothing, footwear and accessories [P22]",100.7
Jan-21,"Clothing, footwear and accessories [P22]",100.8
Feb-21,"Clothing, footwear and accessories [P22]",100.9
Mar-21,"Clothing, footwear and accessories [P22]",101.2
Apr-21,"Clothing, footwear and accessories [P22]",102.1
May-21,"Clothing, footwear and accessories [P22]",103
Jun-21,"Clothing, footwear and accessories [P22]",102.9
Jul-21,"Clothing, footwear and accessories [P22]",103.9
Aug-21,"Clothing, footwear and accessories [P22]",102.8
Sep-21,"Clothing, footwear and accessories [P22]",102.8
Oct-21,"Clothing, footwear and accessories [P22]",103.1
Nov-21,"Clothing, footwear and accessories [P22]",103.1
Dec-21,"Clothing, footwear and accessories [P22]",103.3
Jan-22,"Clothing, footwear and accessories [P22]",107.4
Feb-22,"Clothing, footwear and accessories [P22]",107.2
Mar-22,"Clothing, footwear and accessories [P22]",108
Apr-22,"Clothing, footwear and accessories [P22]",105.5
May-22,"Clothing, footwear and accessories [P22]",106.7
Jun-22,"Clothing, footwear and accessories [P22]",106.5
Jul-22,"Clothing, footwear and accessories [P22]",107.5
Aug-22,"Clothing, footwear and accessories [P22]",107.6
Sep-22,"Clothing, footwear and accessories [P22]",107.3
Oct-22,"Clothing, footwear and accessories [P22]",105.8
Nov-22,"Clothing, footwear and accessories [P22]",107.1
Dec-22,"Clothing, footwear and accessories [P22]",106.9
Jan-23,"Clothing, footwear and accessories [P22]",109.7
Feb-23,"Clothing, footwear and accessories [P22]",110.9
Mar-23,"Clothing, footwear and accessories [P22]",112.3
Apr-23,"Clothing, footwear and accessories [P22]",113.3
May-23,"Clothing, footwear and accessories [P22]",112.1
Jun-23,"Clothing, footwear and accessories [P22]",112.1
Jul-23,"Clothing, footwear and accessories [P22]",114.1
Aug-23,"Clothing, footwear and accessories [P22]",114.3
Sep-23,"Clothing, footwear and accessories [P22]",112.9
Oct-23,"Clothing, footwear and accessories [P22]",113.5
Nov-23,"Clothing, footwear and accessories [P22]",114.1
Dec-23,"Clothing, footwear and accessories [P22]",114.6
Jan-24,"Clothing, footwear and accessories [P22]",114.7
Feb-24,"Clothing, footwear and accessories [P22]",113.9
Mar-24,"Clothing, footwear and accessories [P22]",115.6
Apr-24,"Clothing, footwear and accessories [P22]",115.2
May-24,"Clothing, footwear and accessories [P22]",115.4
Jun-24,"Clothing, footwear and accessories [P22]",115.3
Jul-24,"Clothing, footwear and accessories [P22]",116.3
Aug-24,"Clothing, footwear and accessories [P22]",116.3
Sep-24,"Clothing, footwear and accessories [P22]",116.6
Oct-24,"Clothing, footwear and accessories [P22]",117.2
Nov-24,"Clothing, footwear and accessories [P22]",116.8
Dec-24,"Clothing, footwear and accessories [P22]",117.2
Jan-25,"Clothing, footwear and accessories [P22]",117.2
Mar-20,Chemicals and chemical products [P31],99.8
Apr-20,Chemicals and chemical products [P31],95.9
May-20,Chemicals and chemical products [P31],95.4
Jun-20,Chemicals and chemical products [P31],94.7
Jul-20,Chemicals and chemical products [P31],94.7
Aug-20,Chemicals and chemical products [P31],96.3
Sep-20,Chemicals and chemical products [P31],97.7
Oct-20,Chemicals and chemical products [P31],98.5
Nov-20,Chemicals and chemical products [P31],98.3
Dec-20,Chemicals and chemical products [P31],99.6
Jan-21,Chemicals and chemical products [P31],102.5
Feb-21,Chemicals and chemical products [P31],106.9
Mar-21,Chemicals and chemical products [P31],110.2
Apr-21,Chemicals and chemical products [P31],111.7
May-21,Chemicals and chemical products [P31],113.9
Jun-21,Chemicals and chemical products [P31],114.6
Jul-21,Chemicals and chemical products [P31],119
Aug-21,Chemicals and chemical products [P31],120.2
Sep-21,Chemicals and chemical products [P31],121.2
Oct-21,Chemicals and chemical products [P31],125.4
Nov-21,Chemicals and chemical products [P31],127.4
Dec-21,Chemicals and chemical products [P31],125.5
Jan-22,Chemicals and chemical products [P31],128
Feb-22,Chemicals and chemical products [P31],129
Mar-22,Chemicals and chemical products [P31],131.2
Apr-22,Chemicals and chemical products [P31],133.4
May-22,Chemicals and chemical products [P31],135.8
Jun-22,Chemicals and chemical products [P31],137.1
Jul-22,Chemicals and chemical products [P31],135.7
Aug-22,Chemicals and chemical products [P31],128.4
Sep-22,Chemicals and chemical products [P31],130.5
Oct-22,Chemicals and chemical products [P31],130.9
Nov-22,Chemicals and chemical products [P31],129
Dec-22,Chemicals and chemical products [P31],129.5
Jan-23,Chemicals and chemical products [P31],127.1
Feb-23,Chemicals and chemical products [P31],126.6
Mar-23,Chemicals and chemical products [P31],124.7
Apr-23,Chemicals and chemical products [P31],124.4
May-23,Chemicals and chemical products [P31],124
Jun-23,Chemicals and chemical products [P31],121.4
Jul-23,Chemicals and chemical products [P31],117.1
Aug-23,Chemicals and chemical products [P31],121
Sep-23,Chemicals and chemical products [P31],121.8
Oct-23,Chemicals and chemical products [P31],122.2
Nov-23,Chemicals and chemical products [P31],121.6
Dec-23,Chemicals and chemical products [P31],119.8
Jan-24,Chemicals and chemical products [P31],120.1
Feb-24,Chemicals and chemical products [P31],122.4
Mar-24,Chemicals and chemical products [P31],123.2
Apr-24,Chemicals and chemical products [P31],124.2
May-24,Chemicals and chemical products [P31],125.1
Jun-24,Chemicals and chemical products [P31],123.8
Jul-24,Chemicals and chemical products [P31],123.2
Aug-24,Chemicals and chemical products [P31],122.6
Sep-24,Chemicals and chemical products [P31],122.2
Oct-24,Chemicals and chemical products [P31],121.8
Nov-24,Chemicals and chemical products [P31],124
Dec-24,Chemicals and chemical products [P31],123.5
Jan-25,Chemicals and chemical products [P31],126.3
Mar-20,Plastic and rubber products [P32],101
Apr-20,Plastic and rubber products [P32],101
May-20,Plastic and rubber products [P32],100.5
Jun-20,Plastic and rubber products [P32],99.7
Jul-20,Plastic and rubber products [P32],100.1
Aug-20,Plastic and rubber products [P32],100
Sep-20,Plastic and rubber products [P32],99.6
Oct-20,Plastic and rubber products [P32],99.8
Nov-20,Plastic and rubber products [P32],98.5
Dec-20,Plastic and rubber products [P32],99.7
Jan-21,Plastic and rubber products [P32],100.4
Feb-21,Plastic and rubber products [P32],100.3
Mar-21,Plastic and rubber products [P32],99
Apr-21,Plastic and rubber products [P32],102
May-21,Plastic and rubber products [P32],103.4
Jun-21,Plastic and rubber products [P32],104.8
Jul-21,Plastic and rubber products [P32],107.4
Aug-21,Plastic and rubber products [P32],108.5
Sep-21,Plastic and rubber products [P32],111.8
Oct-21,Plastic and rubber products [P32],112.3
Nov-21,Plastic and rubber products [P32],111.6
Dec-21,Plastic and rubber products [P32],115.1
Jan-22,Plastic and rubber products [P32],116.2
Feb-22,Plastic and rubber products [P32],120.4
Mar-22,Plastic and rubber products [P32],118.8
Apr-22,Plastic and rubber products [P32],118.6
May-22,Plastic and rubber products [P32],117.6
Jun-22,Plastic and rubber products [P32],119.6
Jul-22,Plastic and rubber products [P32],120.9
Aug-22,Plastic and rubber products [P32],123.2
Sep-22,Plastic and rubber products [P32],125.3
Oct-22,Plastic and rubber products [P32],126.4
Nov-22,Plastic and rubber products [P32],127.1
Dec-22,Plastic and rubber products [P32],127.4
Jan-23,Plastic and rubber products [P32],126.1
Feb-23,Plastic and rubber products [P32],127.4
Mar-23,Plastic and rubber products [P32],128.2
Apr-23,Plastic and rubber products [P32],127.2
May-23,Plastic and rubber products [P32],126.5
Jun-23,Plastic and rubber products [P32],126.4
Jul-23,Plastic and rubber products [P32],126.6
Aug-23,Plastic and rubber products [P32],127.7
Sep-23,Plastic and rubber products [P32],127.3
Oct-23,Plastic and rubber products [P32],126.8
Nov-23,Plastic and rubber products [P32],126.3
Dec-23,Plastic and rubber products [P32],127.3
Jan-24,Plastic and rubber products [P32],127.6
Feb-24,Plastic and rubber products [P32],126.6
Mar-24,Plastic and rubber products [P32],125.7
Apr-24,Plastic and rubber products [P32],126.9
May-24,Plastic and rubber products [P32],126.7
Jun-24,Plastic and rubber products [P32],125.1
Jul-24,Plastic and rubber products [P32],127.6
Aug-24,Plastic and rubber products [P32],125.8
Sep-24,Plastic and rubber products [P32],126.5
Oct-24,Plastic and rubber products [P32],126.8
Nov-24,Plastic and rubber products [P32],127.2
Dec-24,Plastic and rubber products [P32],128.4
Jan-25,Plastic and rubber products [P32],128.7
Mar-20,Lumber and other wood products [P41],107.5
Apr-20,Lumber and other wood products [P41],102.3
May-20,Lumber and other wood products [P41],103
Jun-20,Lumber and other wood products [P41],106.1
Jul-20,Lumber and other wood products [P41],118.7
Aug-20,Lumber and other wood products [P41],133.1
Sep-20,Lumber and other wood products [P41],149.8
Oct-20,Lumber and other wood products [P41],145.8
Nov-20,Lumber and other wood products [P41],133.3
Dec-20,Lumber and other wood products [P41],146.2
Jan-21,Lumber and other wood products [P41],158.2
Feb-21,Lumber and other wood products [P41],165.6
Mar-21,Lumber and other wood products [P41],177.8
Apr-21,Lumber and other wood products [P41],195.9
May-21,Lumber and other wood products [P41],230.5
Jun-21,Lumber and other wood products [P41],215
Jul-21,Lumber and other wood products [P41],172.2
Aug-21,Lumber and other wood products [P41],139.5
Sep-21,Lumber and other wood products [P41],138.3
Oct-21,Lumber and other wood products [P41],140.6
Nov-21,Lumber and other wood products [P41],140.5
Dec-21,Lumber and other wood products [P41],163.2
Jan-22,Lumber and other wood products [P41],182
Feb-22,Lumber and other wood products [P41],193.1
Mar-22,Lumber and other wood products [P41],207.6
Apr-22,Lumber and other wood products [P41],193.1
May-22,Lumber and other wood products [P41],186.9
Jun-22,Lumber and other wood products [P41],152.2
Jul-22,Lumber and other wood products [P41],154.4
Aug-22,Lumber and other wood products [P41],151.3
Sep-22,Lumber and other wood products [P41],142.7
Oct-22,Lumber and other wood products [P41],142.1
Nov-22,Lumber and other wood products [P41],138.2
Dec-22,Lumber and other wood products [P41],132.5
Jan-23,Lumber and other wood products [P41],126.1
Feb-23,Lumber and other wood products [P41],129
Mar-23,Lumber and other wood products [P41],126
Apr-23,Lumber and other wood products [P41],122.2
May-23,Lumber and other wood products [P41],123
Jun-23,Lumber and other wood products [P41],121.9
Jul-23,Lumber and other wood products [P41],128.4
Aug-23,Lumber and other wood products [P41],126.8
Sep-23,Lumber and other wood products [P41],127.5
Oct-23,Lumber and other wood products [P41],123.7
Nov-23,Lumber and other wood products [P41],124.3
Dec-23,Lumber and other wood products [P41],122.9
Jan-24,Lumber and other wood products [P41],125.1
Feb-24,Lumber and other wood products [P41],125.7
Mar-24,Lumber and other wood products [P41],128.9
Apr-24,Lumber and other wood products [P41],129.7
May-24,Lumber and other wood products [P41],125.4
Jun-24,Lumber and other wood products [P41],125.5
Jul-24,Lumber and other wood products [P41],122.1
Aug-24,Lumber and other wood products [P41],125.3
Sep-24,Lumber and other wood products [P41],127.2
Oct-24,Lumber and other wood products [P41],128.9
Nov-24,Lumber and other wood products [P41],135.2
Dec-24,Lumber and other wood products [P41],136.8
Jan-25,Lumber and other wood products [P41],136.7
Mar-20,Pulp and paper products [P42],104.7
Apr-20,Pulp and paper products [P42],105.4
May-20,Pulp and paper products [P42],105.5
Jun-20,Pulp and paper products [P42],104.5
Jul-20,Pulp and paper products [P42],101.8
Aug-20,Pulp and paper products [P42],97.7
Sep-20,Pulp and paper products [P42],95.8
Oct-20,Pulp and paper products [P42],97
Nov-20,Pulp and paper products [P42],96.9
Dec-20,Pulp and paper products [P42],95.6
Jan-21,Pulp and paper products [P42],97.5
Feb-21,Pulp and paper products [P42],100
Mar-21,Pulp and paper products [P42],100.6
Apr-21,Pulp and paper products [P42],104.2
May-21,Pulp and paper products [P42],104.2
Jun-21,Pulp and paper products [P42],105.5
Jul-21,Pulp and paper products [P42],107.3
Aug-21,Pulp and paper products [P42],108.5
Sep-21,Pulp and paper products [P42],108
Oct-21,Pulp and paper products [P42],105.9
Nov-21,Pulp and paper products [P42],105.9
Dec-21,Pulp and paper products [P42],106.4
Jan-22,Pulp and paper products [P42],107.6
Feb-22,Pulp and paper products [P42],109.4
Mar-22,Pulp and paper products [P42],111.5
Apr-22,Pulp and paper products [P42],113.7
May-22,Pulp and paper products [P42],117.9
Jun-22,Pulp and paper products [P42],119.3
Jul-22,Pulp and paper products [P42],121.5
Aug-22,Pulp and paper products [P42],121.6
Sep-22,Pulp and paper products [P42],125.1
Oct-22,Pulp and paper products [P42],128.3
Nov-22,Pulp and paper products [P42],126.6
Dec-22,Pulp and paper products [P42],127.1
Jan-23,Pulp and paper products [P42],124.9
Feb-23,Pulp and paper products [P42],124.2
Mar-23,Pulp and paper products [P42],127
Apr-23,Pulp and paper products [P42],123.3
May-23,Pulp and paper products [P42],119.4
Jun-23,Pulp and paper products [P42],115.6
Jul-23,Pulp and paper products [P42],113.1
Aug-23,Pulp and paper products [P42],115.3
Sep-23,Pulp and paper products [P42],115.6
Oct-23,Pulp and paper products [P42],117.7
Nov-23,Pulp and paper products [P42],117.3
Dec-23,Pulp and paper products [P42],115.4
Jan-24,Pulp and paper products [P42],115.7
Feb-24,Pulp and paper products [P42],114.8
Mar-24,Pulp and paper products [P42],114.1
Apr-24,Pulp and paper products [P42],118.4
May-24,Pulp and paper products [P42],119.2
Jun-24,Pulp and paper products [P42],121.4
Jul-24,Pulp and paper products [P42],121.4
Aug-24,Pulp and paper products [P42],120.7
Sep-24,Pulp and paper products [P42],121
Oct-24,Pulp and paper products [P42],122
Nov-24,Pulp and paper products [P42],122.5
Dec-24,Pulp and paper products [P42],123
Jan-25,Pulp and paper products [P42],123.8
Mar-20,Energy and petroleum products [P51],75
Apr-20,Energy and petroleum products [P51],56
May-20,Energy and petroleum products [P51],59.8
Jun-20,Energy and petroleum products [P51],69.1
Jul-20,Energy and petroleum products [P51],74.4
Aug-20,Energy and petroleum products [P51],74.3
Sep-20,Energy and petroleum products [P51],70.3
Oct-20,Energy and petroleum products [P51],70.7
Nov-20,Energy and petroleum products [P51],73.4
Dec-20,Energy and petroleum products [P51],80
Jan-21,Energy and petroleum products [P51],86.2
Feb-21,Energy and petroleum products [P51],94.9
Mar-21,Energy and petroleum products [P51],99.3
Apr-21,Energy and petroleum products [P51],99.8
May-21,Energy and petroleum products [P51],105.1
Jun-21,Energy and petroleum products [P51],106.1
Jul-21,Energy and petroleum products [P51],109.4
Aug-21,Energy and petroleum products [P51],109.3
Sep-21,Energy and petroleum products [P51],113.3
Oct-21,Energy and petroleum products [P51],121.8
Nov-21,Energy and petroleum products [P51],120.5
Dec-21,Energy and petroleum products [P51],114.9
Jan-22,Energy and petroleum products [P51],126.4
Feb-22,Energy and petroleum products [P51],137
Mar-22,Energy and petroleum products [P51],161
Apr-22,Energy and petroleum products [P51],170.5
May-22,Energy and petroleum products [P51],189.3
Jun-22,Energy and petroleum products [P51],195.1
Jul-22,Energy and petroleum products [P51],174.1
Aug-22,Energy and petroleum products [P51],161.3
Sep-22,Energy and petroleum products [P51],155.1
Oct-22,Energy and petroleum products [P51],174.2
Nov-22,Energy and petroleum products [P51],167.8
Dec-22,Energy and petroleum products [P51],150.9
Jan-23,Energy and petroleum products [P51],151.4
Feb-23,Energy and petroleum products [P51],143.4
Mar-23,Energy and petroleum products [P51],138.6
Apr-23,Energy and petroleum products [P51],134.8
May-23,Energy and petroleum products [P51],127.7
Jun-23,Energy and petroleum products [P51],130
Jul-23,Energy and petroleum products [P51],134.4
Aug-23,Energy and petroleum products [P51],148.3
Sep-23,Energy and petroleum products [P51],153.8
Oct-23,Energy and petroleum products [P51],144.7
Nov-23,Energy and petroleum products [P51],141.3
Dec-23,Energy and petroleum products [P51],128.5
Jan-24,Energy and petroleum products [P51],127.6
Feb-24,Energy and petroleum products [P51],133.8
Mar-24,Energy and petroleum products [P51],135.4
Apr-24,Energy and petroleum products [P51],138.8
May-24,Energy and petroleum products [P51],134
Jun-24,Energy and petroleum products [P51],133.7
Jul-24,Energy and petroleum products [P51],136.6
Aug-24,Energy and petroleum products [P51],129.8
Sep-24,Energy and petroleum products [P51],121.1
Oct-24,Energy and petroleum products [P51],124.4
Nov-24,Energy and petroleum products [P51],125.9
Dec-24,Energy and petroleum products [P51],124.9
Jan-25,Energy and petroleum products [P51],133.7
Mar-20,Primary ferrous metal products [P61],106.1
Apr-20,Primary ferrous metal products [P61],106.9
May-20,Primary ferrous metal products [P61],104.1
Jun-20,Primary ferrous metal products [P61],101.4
Jul-20,Primary ferrous metal products [P61],100.9
Aug-20,Primary ferrous metal products [P61],96.7
Sep-20,Primary ferrous metal products [P61],97.2
Oct-20,Primary ferrous metal products [P61],99.6
Nov-20,Primary ferrous metal products [P61],101
Dec-20,Primary ferrous metal products [P61],103.1
Jan-21,Primary ferrous metal products [P61],108.6
Feb-21,Primary ferrous metal products [P61],113.6
Mar-21,Primary ferrous metal products [P61],120.2
Apr-21,Primary ferrous metal products [P61],126.5
May-21,Primary ferrous metal products [P61],135
Jun-21,Primary ferrous metal products [P61],142.7
Jul-21,Primary ferrous metal products [P61],153.5
Aug-21,Primary ferrous metal products [P61],165.5
Sep-21,Primary ferrous metal products [P61],172.4
Oct-21,Primary ferrous metal products [P61],173.7
Nov-21,Primary ferrous metal products [P61],168
Dec-21,Primary ferrous metal products [P61],168.7
Jan-22,Primary ferrous metal products [P61],161.2
Feb-22,Primary ferrous metal products [P61],158.1
Mar-22,Primary ferrous metal products [P61],150.1
Apr-22,Primary ferrous metal products [P61],155.7
May-22,Primary ferrous metal products [P61],168.8
Jun-22,Primary ferrous metal products [P61],170.6
Jul-22,Primary ferrous metal products [P61],159.4
Aug-22,Primary ferrous metal products [P61],150.6
Sep-22,Primary ferrous metal products [P61],149.4
Oct-22,Primary ferrous metal products [P61],148.1
Nov-22,Primary ferrous metal products [P61],143.9
Dec-22,Primary ferrous metal products [P61],140.7
Jan-23,Primary ferrous metal products [P61],137.8
Feb-23,Primary ferrous metal products [P61],140.3
Mar-23,Primary ferrous metal products [P61],145.8
Apr-23,Primary ferrous metal products [P61],149.4
May-23,Primary ferrous metal products [P61],153.4
Jun-23,Primary ferrous metal products [P61],154.9
Jul-23,Primary ferrous metal products [P61],148.1
Aug-23,Primary ferrous metal products [P61],147.2
Sep-23,Primary ferrous metal products [P61],145
Oct-23,Primary ferrous metal products [P61],141.5
Nov-23,Primary ferrous metal products [P61],135.7
Dec-23,Primary ferrous metal products [P61],137.2
Jan-24,Primary ferrous metal products [P61],141.4
Feb-24,Primary ferrous metal products [P61],146.1
Mar-24,Primary ferrous metal products [P61],145.6
Apr-24,Primary ferrous metal products [P61],143.5
May-24,Primary ferrous metal products [P61],143.4
Jun-24,Primary ferrous metal products [P61],141.6
Jul-24,Primary ferrous metal products [P61],138.8
Aug-24,Primary ferrous metal products [P61],136.3
Sep-24,Primary ferrous metal products [P61],134.5
Oct-24,Primary ferrous metal products [P61],135.1
Nov-24,Primary ferrous metal products [P61],136.2
Dec-24,Primary ferrous metal products [P61],136.6
Jan-25,Primary ferrous metal products [P61],137.6
Mar-20,Primary non-ferrous metal products [P62],98.3
Apr-20,Primary non-ferrous metal products [P62],98.4
May-20,Primary non-ferrous metal products [P62],100.5
Jun-20,Primary non-ferrous metal products [P62],101.6
Jul-20,Primary non-ferrous metal products [P62],108.6
Aug-20,Primary non-ferrous metal products [P62],119.1
Sep-20,Primary non-ferrous metal products [P62],119.6
Oct-20,Primary non-ferrous metal products [P62],117.6
Nov-20,Primary non-ferrous metal products [P62],118.6
Dec-20,Primary non-ferrous metal products [P62],122.2
Jan-21,Primary non-ferrous metal products [P62],124.6
Feb-21,Primary non-ferrous metal products [P62],128.8
Mar-21,Primary non-ferrous metal products [P62],127.1
Apr-21,Primary non-ferrous metal products [P62],128
May-21,Primary non-ferrous metal products [P62],132.5
Jun-21,Primary non-ferrous metal products [P62],131.5
Jul-21,Primary non-ferrous metal products [P62],133.6
Aug-21,Primary non-ferrous metal products [P62],133
Sep-21,Primary non-ferrous metal products [P62],135.2
Oct-21,Primary non-ferrous metal products [P62],137.8
Nov-21,Primary non-ferrous metal products [P62],139.3
Dec-21,Primary non-ferrous metal products [P62],137.3
Jan-22,Primary non-ferrous metal products [P62],141.4
Feb-22,Primary non-ferrous metal products [P62],149.4
Mar-22,Primary non-ferrous metal products [P62],162
Apr-22,Primary non-ferrous metal products [P62],160.3
May-22,Primary non-ferrous metal products [P62],147.4
Jun-22,Primary non-ferrous metal products [P62],140.5
Jul-22,Primary non-ferrous metal products [P62],127.8
Aug-22,Primary non-ferrous metal products [P62],130.4
Sep-22,Primary non-ferrous metal products [P62],130.1
Oct-22,Primary non-ferrous metal products [P62],132.6
Nov-22,Primary non-ferrous metal products [P62],137.7
Dec-22,Primary non-ferrous metal products [P62],147.7
Jan-23,Primary non-ferrous metal products [P62],150.8
Feb-23,Primary non-ferrous metal products [P62],146.8
Mar-23,Primary non-ferrous metal products [P62],146
Apr-23,Primary non-ferrous metal products [P62],148.7
May-23,Primary non-ferrous metal products [P62],144.4
Jun-23,Primary non-ferrous metal products [P62],138.8
Jul-23,Primary non-ferrous metal products [P62],137.8
Aug-23,Primary non-ferrous metal products [P62],137
Sep-23,Primary non-ferrous metal products [P62],136.2
Oct-23,Primary non-ferrous metal products [P62],134.7
Nov-23,Primary non-ferrous metal products [P62],137.6
Dec-23,Primary non-ferrous metal products [P62],136.6
Jan-24,Primary non-ferrous metal products [P62],135.5
Feb-24,Primary non-ferrous metal products [P62],135
Mar-24,Primary non-ferrous metal products [P62],141.2
Apr-24,Primary non-ferrous metal products [P62],152.8
May-24,Primary non-ferrous metal products [P62],160.1
Jun-24,Primary non-ferrous metal products [P62],159.2
Jul-24,Primary non-ferrous metal products [P62],159.4
Aug-24,Primary non-ferrous metal products [P62],156.9
Sep-24,Primary non-ferrous metal products [P62],158.4
Oct-24,Primary non-ferrous metal products [P62],167.2
Nov-24,Primary non-ferrous metal products [P62],165.6
Dec-24,Primary non-ferrous metal products [P62],167
Jan-25,Primary non-ferrous metal products [P62],169
Mar-20,Fabricated metal products and construction materials [P63],99.9
Apr-20,Fabricated metal products and construction materials [P63],100.4
May-20,Fabricated metal products and construction materials [P63],99.7
Jun-20,Fabricated metal products and construction materials [P63],99.5
Jul-20,Fabricated metal products and construction materials [P63],99.3
Aug-20,Fabricated metal products and construction materials [P63],99.3
Sep-20,Fabricated metal products and construction materials [P63],99.2
Oct-20,Fabricated metal products and construction materials [P63],99.9
Nov-20,Fabricated metal products and construction materials [P63],99.7
Dec-20,Fabricated metal products and construction materials [P63],100.7
Jan-21,Fabricated metal products and construction materials [P63],102.8
Feb-21,Fabricated metal products and construction materials [P63],107.4
Mar-21,Fabricated metal products and construction materials [P63],108.2
Apr-21,Fabricated metal products and construction materials [P63],111.8
May-21,Fabricated metal products and construction materials [P63],115.7
Jun-21,Fabricated metal products and construction materials [P63],116.5
Jul-21,Fabricated metal products and construction materials [P63],122.5
Aug-21,Fabricated metal products and construction materials [P63],124.2
Sep-21,Fabricated metal products and construction materials [P63],127.3
Oct-21,Fabricated metal products and construction materials [P63],132.4
Nov-21,Fabricated metal products and construction materials [P63],132.4
Dec-21,Fabricated metal products and construction materials [P63],132.8
Jan-22,Fabricated metal products and construction materials [P63],138.7
Feb-22,Fabricated metal products and construction materials [P63],137.1
Mar-22,Fabricated metal products and construction materials [P63],141.6
Apr-22,Fabricated metal products and construction materials [P63],142.9
May-22,Fabricated metal products and construction materials [P63],142.6
Jun-22,Fabricated metal products and construction materials [P63],144.8
Jul-22,Fabricated metal products and construction materials [P63],144.5
Aug-22,Fabricated metal products and construction materials [P63],144
Sep-22,Fabricated metal products and construction materials [P63],143.8
Oct-22,Fabricated metal products and construction materials [P63],143.6
Nov-22,Fabricated metal products and construction materials [P63],142.9
Dec-22,Fabricated metal products and construction materials [P63],143.9
Jan-23,Fabricated metal products and construction materials [P63],143.3
Feb-23,Fabricated metal products and construction materials [P63],142.5
Mar-23,Fabricated metal products and construction materials [P63],139.5
Apr-23,Fabricated metal products and construction materials [P63],139.9
May-23,Fabricated metal products and construction materials [P63],140.3
Jun-23,Fabricated metal products and construction materials [P63],139
Jul-23,Fabricated metal products and construction materials [P63],140.8
Aug-23,Fabricated metal products and construction materials [P63],142
Sep-23,Fabricated metal products and construction materials [P63],141.3
Oct-23,Fabricated metal products and construction materials [P63],140.4
Nov-23,Fabricated metal products and construction materials [P63],139.4
Dec-23,Fabricated metal products and construction materials [P63],139.2
Jan-24,Fabricated metal products and construction materials [P63],139.4
Feb-24,Fabricated metal products and construction materials [P63],139
Mar-24,Fabricated metal products and construction materials [P63],139.2
Apr-24,Fabricated metal products and construction materials [P63],139.5
May-24,Fabricated metal products and construction materials [P63],139.2
Jun-24,Fabricated metal products and construction materials [P63],138.5
Jul-24,Fabricated metal products and construction materials [P63],139.6
Aug-24,Fabricated metal products and construction materials [P63],139.8
Sep-24,Fabricated metal products and construction materials [P63],138.7
Oct-24,Fabricated metal products and construction materials [P63],139.5
Nov-24,Fabricated metal products and construction materials [P63],139.3
Dec-24,Fabricated metal products and construction materials [P63],140.2
Jan-25,Fabricated metal products and construction materials [P63],142.3
Mar-20,Motorized and recreational vehicles [P71],101.9
Apr-20,Motorized and recreational vehicles [P71],102.3
May-20,Motorized and recreational vehicles [P71],102.4
Jun-20,Motorized and recreational vehicles [P71],101.2
Jul-20,Motorized and recreational vehicles [P71],101.1
Aug-20,Motorized and recreational vehicles [P71],100.3
Sep-20,Motorized and recreational vehicles [P71],100.3
Oct-20,Motorized and recreational vehicles [P71],100.3
Nov-20,Motorized and recreational vehicles [P71],99.9
Dec-20,Motorized and recreational vehicles [P71],99.6
Jan-21,Motorized and recreational vehicles [P71],99.5
Feb-21,Motorized and recreational vehicles [P71],99.5
Mar-21,Motorized and recreational vehicles [P71],99.1
Apr-21,Motorized and recreational vehicles [P71],99.3
May-21,Motorized and recreational vehicles [P71],98.5
Jun-21,Motorized and recreational vehicles [P71],98.9
Jul-21,Motorized and recreational vehicles [P71],99.7
Aug-21,Motorized and recreational vehicles [P71],100.2
Sep-21,Motorized and recreational vehicles [P71],101
Oct-21,Motorized and recreational vehicles [P71],100.9
Nov-21,Motorized and recreational vehicles [P71],101.3
Dec-21,Motorized and recreational vehicles [P71],101.8
Jan-22,Motorized and recreational vehicles [P71],102
Feb-22,Motorized and recreational vehicles [P71],103
Mar-22,Motorized and recreational vehicles [P71],103.1
Apr-22,Motorized and recreational vehicles [P71],103.9
May-22,Motorized and recreational vehicles [P71],104.8
Jun-22,Motorized and recreational vehicles [P71],104.9
Jul-22,Motorized and recreational vehicles [P71],105.7
Aug-22,Motorized and recreational vehicles [P71],105.6
Sep-22,Motorized and recreational vehicles [P71],107.7
Oct-22,Motorized and recreational vehicles [P71],109.4
Nov-22,Motorized and recreational vehicles [P71],108.9
Dec-22,Motorized and recreational vehicles [P71],109.9
Jan-23,Motorized and recreational vehicles [P71],110.4
Feb-23,Motorized and recreational vehicles [P71],110.3
Mar-23,Motorized and recreational vehicles [P71],111.2
Apr-23,Motorized and recreational vehicles [P71],110.7
May-23,Motorized and recreational vehicles [P71],111.2
Jun-23,Motorized and recreational vehicles [P71],110.7
Jul-23,Motorized and recreational vehicles [P71],110.8
Aug-23,Motorized and recreational vehicles [P71],111.8
Sep-23,Motorized and recreational vehicles [P71],112.5
Oct-23,Motorized and recreational vehicles [P71],112.8
Nov-23,Motorized and recreational vehicles [P71],112.8
Dec-23,Motorized and recreational vehicles [P71],112.1
Jan-24,Motorized and recreational vehicles [P71],112.1
Feb-24,Motorized and recreational vehicles [P71],112.3
Mar-24,Motorized and recreational vehicles [P71],112.6
Apr-24,Motorized and recreational vehicles [P71],113.7
May-24,Motorized and recreational vehicles [P71],113.6
Jun-24,Motorized and recreational vehicles [P71],113.5
Jul-24,Motorized and recreational vehicles [P71],113.1
Aug-24,Motorized and recreational vehicles [P71],113.3
Sep-24,Motorized and recreational vehicles [P71],113.2
Oct-24,Motorized and recreational vehicles [P71],113.7
Nov-24,Motorized and recreational vehicles [P71],114.6
Dec-24,Motorized and recreational vehicles [P71],115.6
Jan-25,Motorized and recreational vehicles [P71],116.2
Mar-20,Machinery and equipment [P72],102.4
Apr-20,Machinery and equipment [P72],103
May-20,Machinery and equipment [P72],102.6
Jun-20,Machinery and equipment [P72],102.1
Jul-20,Machinery and equipment [P72],101.5
Aug-20,Machinery and equipment [P72],101.3
Sep-20,Machinery and equipment [P72],101.7
Oct-20,Machinery and equipment [P72],101.6
Nov-20,Machinery and equipment [P72],101.3
Dec-20,Machinery and equipment [P72],101.5
Jan-21,Machinery and equipment [P72],101.2
Feb-21,Machinery and equipment [P72],103.4
Mar-21,Machinery and equipment [P72],103.1
Apr-21,Machinery and equipment [P72],102.1
May-21,Machinery and equipment [P72],101.7
Jun-21,Machinery and equipment [P72],101.9
Jul-21,Machinery and equipment [P72],102.7
Aug-21,Machinery and equipment [P72],102.9
Sep-21,Machinery and equipment [P72],103.4
Oct-21,Machinery and equipment [P72],104.2
Nov-21,Machinery and equipment [P72],104.6
Dec-21,Machinery and equipment [P72],105.5
Jan-22,Machinery and equipment [P72],107.1
Feb-22,Machinery and equipment [P72],108
Mar-22,Machinery and equipment [P72],107.9
Apr-22,Machinery and equipment [P72],108.6
May-22,Machinery and equipment [P72],109.8
Jun-22,Machinery and equipment [P72],110.1
Jul-22,Machinery and equipment [P72],111
Aug-22,Machinery and equipment [P72],111.9
Sep-22,Machinery and equipment [P72],113.3
Oct-22,Machinery and equipment [P72],115.3
Nov-22,Machinery and equipment [P72],114.4
Dec-22,Machinery and equipment [P72],115.2
Jan-23,Machinery and equipment [P72],114.9
Feb-23,Machinery and equipment [P72],116
Mar-23,Machinery and equipment [P72],117.1
Apr-23,Machinery and equipment [P72],117.1
May-23,Machinery and equipment [P72],117.9
Jun-23,Machinery and equipment [P72],117.1
Jul-23,Machinery and equipment [P72],116.8
Aug-23,Machinery and equipment [P72],117.4
Sep-23,Machinery and equipment [P72],116.7
Oct-23,Machinery and equipment [P72],117.5
Nov-23,Machinery and equipment [P72],117.7
Dec-23,Machinery and equipment [P72],117
Jan-24,Machinery and equipment [P72],118
Feb-24,Machinery and equipment [P72],118.7
Mar-24,Machinery and equipment [P72],120.1
Apr-24,Machinery and equipment [P72],120.7
May-24,Machinery and equipment [P72],121
Jun-24,Machinery and equipment [P72],121.2
Jul-24,Machinery and equipment [P72],121.4
Aug-24,Machinery and equipment [P72],120.8
Sep-24,Machinery and equipment [P72],120.7
Oct-24,Machinery and equipment [P72],121.5
Nov-24,Machinery and equipment [P72],122.1
Dec-24,Machinery and equipment [P72],123.1
Jan-25,Machinery and equipment [P72],123.6
Mar-20,"Electrical, electronic, audiovisual and telecommunication products [P73]",101.7
Apr-20,"Electrical, electronic, audiovisual and telecommunication products [P73]",102.5
May-20,"Electrical, electronic, audiovisual and telecommunication products [P73]",102.4
Jun-20,"Electrical, electronic, audiovisual and telecommunication products [P73]",101.4
Jul-20,"Electrical, electronic, audiovisual and telecommunication products [P73]",101.9
Aug-20,"Electrical, electronic, audiovisual and telecommunication products [P73]",100.8
Sep-20,"Electrical, electronic, audiovisual and telecommunication products [P73]",100.8
Oct-20,"Electrical, electronic, audiovisual and telecommunication products [P73]",101.1
Nov-20,"Electrical, electronic, audiovisual and telecommunication products [P73]",100.3
Dec-20,"Electrical, electronic, audiovisual and telecommunication products [P73]",101.5
Jan-21,"Electrical, electronic, audiovisual and telecommunication products [P73]",100.2
Feb-21,"Electrical, electronic, audiovisual and telecommunication products [P73]",101.7
Mar-21,"Electrical, electronic, audiovisual and telecommunication products [P73]",102.7
Apr-21,"Electrical, electronic, audiovisual and telecommunication products [P73]",104
May-21,"Electrical, electronic, audiovisual and telecommunication products [P73]",103
Jun-21,"Electrical, electronic, audiovisual and telecommunication products [P73]",105.5
Jul-21,"Electrical, electronic, audiovisual and telecommunication products [P73]",107.1
Aug-21,"Electrical, electronic, audiovisual and telecommunication products [P73]",107
Sep-21,"Electrical, electronic, audiovisual and telecommunication products [P73]",107
Oct-21,"Electrical, electronic, audiovisual and telecommunication products [P73]",110.9
Nov-21,"Electrical, electronic, audiovisual and telecommunication products [P73]",112.4
Dec-21,"Electrical, electronic, audiovisual and telecommunication products [P73]",113.6
Jan-22,"Electrical, electronic, audiovisual and telecommunication products [P73]",114.1
Feb-22,"Electrical, electronic, audiovisual and telecommunication products [P73]",119.2
Mar-22,"Electrical, electronic, audiovisual and telecommunication products [P73]",118
Apr-22,"Electrical, electronic, audiovisual and telecommunication products [P73]",121.1
May-22,"Electrical, electronic, audiovisual and telecommunication products [P73]",120.5
Jun-22,"Electrical, electronic, audiovisual and telecommunication products [P73]",120.9
Jul-22,"Electrical, electronic, audiovisual and telecommunication products [P73]",122.6
Aug-22,"Electrical, electronic, audiovisual and telecommunication products [P73]",122.5
Sep-22,"Electrical, electronic, audiovisual and telecommunication products [P73]",124.4
Oct-22,"Electrical, electronic, audiovisual and telecommunication products [P73]",125.8
Nov-22,"Electrical, electronic, audiovisual and telecommunication products [P73]",124.2
Dec-22,"Electrical, electronic, audiovisual and telecommunication products [P73]",124
Jan-23,"Electrical, electronic, audiovisual and telecommunication products [P73]",126.7
Feb-23,"Electrical, electronic, audiovisual and telecommunication products [P73]",127
Mar-23,"Electrical, electronic, audiovisual and telecommunication products [P73]",126.6
Apr-23,"Electrical, electronic, audiovisual and telecommunication products [P73]",129
May-23,"Electrical, electronic, audiovisual and telecommunication products [P73]",131.9
Jun-23,"Electrical, electronic, audiovisual and telecommunication products [P73]",126.8
Jul-23,"Electrical, electronic, audiovisual and telecommunication products [P73]",127.9
Aug-23,"Electrical, electronic, audiovisual and telecommunication products [P73]",129.5
Sep-23,"Electrical, electronic, audiovisual and telecommunication products [P73]",130.4
Oct-23,"Electrical, electronic, audiovisual and telecommunication products [P73]",129
Nov-23,"Electrical, electronic, audiovisual and telecommunication products [P73]",129.3
Dec-23,"Electrical, electronic, audiovisual and telecommunication products [P73]",128.1
Jan-24,"Electrical, electronic, audiovisual and telecommunication products [P73]",130.1
Feb-24,"Electrical, electronic, audiovisual and telecommunication products [P73]",129.2
Mar-24,"Electrical, electronic, audiovisual and telecommunication products [P73]",129.9
Apr-24,"Electrical, electronic, audiovisual and telecommunication products [P73]",133.8
May-24,"Electrical, electronic, audiovisual and telecommunication products [P73]",136.3
Jun-24,"Electrical, electronic, audiovisual and telecommunication products [P73]",134.6
Jul-24,"Electrical, electronic, audiovisual and telecommunication products [P73]",134.3
Aug-24,"Electrical, electronic, audiovisual and telecommunication products [P73]",134.1
Sep-24,"Electrical, electronic, audiovisual and telecommunication products [P73]",133.8
Oct-24,"Electrical, electronic, audiovisual and telecommunication products [P73]",137.2
Nov-24,"Electrical, electronic, audiovisual and telecommunication products [P73]",138.4
Dec-24,"Electrical, electronic, audiovisual and telecommunication products [P73]",139.7
Jan-25,"Electrical, electronic, audiovisual and telecommunication products [P73]",141.3
Mar-20,Furniture and fixtures [P74],101.9
Apr-20,Furniture and fixtures [P74],102.8
May-20,Furniture and fixtures [P74],101.1
Jun-20,Furniture and fixtures [P74],100.5
Jul-20,Furniture and fixtures [P74],102.6
Aug-20,Furniture and fixtures [P74],102.6
Sep-20,Furniture and fixtures [P74],102.6
Oct-20,Furniture and fixtures [P74],102.6
Nov-20,Furniture and fixtures [P74],101.3
Dec-20,Furniture and fixtures [P74],101.1
Jan-21,Furniture and fixtures [P74],100.5
Feb-21,Furniture and fixtures [P74],101.5
Mar-21,Furniture and fixtures [P74],104.3
Apr-21,Furniture and fixtures [P74],105.5
May-21,Furniture and fixtures [P74],103.2
Jun-21,Furniture and fixtures [P74],103.5
Jul-21,Furniture and fixtures [P74],108.6
Aug-21,Furniture and fixtures [P74],107.4
Sep-21,Furniture and fixtures [P74],106.9
Oct-21,Furniture and fixtures [P74],108.7
Nov-21,Furniture and fixtures [P74],111.6
Dec-21,Furniture and fixtures [P74],110
Jan-22,Furniture and fixtures [P74],110.1
Feb-22,Furniture and fixtures [P74],111.4
Mar-22,Furniture and fixtures [P74],112
Apr-22,Furniture and fixtures [P74],111.9
May-22,Furniture and fixtures [P74],113.2
Jun-22,Furniture and fixtures [P74],115.7
Jul-22,Furniture and fixtures [P74],115
Aug-22,Furniture and fixtures [P74],115.5
Sep-22,Furniture and fixtures [P74],115.4
Oct-22,Furniture and fixtures [P74],115.8
Nov-22,Furniture and fixtures [P74],116.6
Dec-22,Furniture and fixtures [P74],117.3
Jan-23,Furniture and fixtures [P74],117.6
Feb-23,Furniture and fixtures [P74],119.2
Mar-23,Furniture and fixtures [P74],117.6
Apr-23,Furniture and fixtures [P74],115.7
May-23,Furniture and fixtures [P74],115.8
Jun-23,Furniture and fixtures [P74],115.6
Jul-23,Furniture and fixtures [P74],114
Aug-23,Furniture and fixtures [P74],113.2
Sep-23,Furniture and fixtures [P74],114.5
Oct-23,Furniture and fixtures [P74],115.3
Nov-23,Furniture and fixtures [P74],115.6
Dec-23,Furniture and fixtures [P74],113.4
Jan-24,Furniture and fixtures [P74],113.3
Feb-24,Furniture and fixtures [P74],116.7
Mar-24,Furniture and fixtures [P74],113
Apr-24,Furniture and fixtures [P74],114.1
May-24,Furniture and fixtures [P74],114.8
Jun-24,Furniture and fixtures [P74],114.1
Jul-24,Furniture and fixtures [P74],111.9
Aug-24,Furniture and fixtures [P74],114.5
Sep-24,Furniture and fixtures [P74],116.4
Oct-24,Furniture and fixtures [P74],118.2
Nov-24,Furniture and fixtures [P74],115.4
Dec-24,Furniture and fixtures [P74],116.1
Jan-25,Furniture and fixtures [P74],116.2
Mar-20,"Cement, glass, and other non-metallic mineral products [P81]",100.7
Apr-20,"Cement, glass, and other non-metallic mineral products [P81]",100.4
May-20,"Cement, glass, and other non-metallic mineral products [P81]",99.2
Jun-20,"Cement, glass, and other non-metallic mineral products [P81]",99
Jul-20,"Cement, glass, and other non-metallic mineral products [P81]",97.8
Aug-20,"Cement, glass, and other non-metallic mineral products [P81]",97.5
Sep-20,"Cement, glass, and other non-metallic mineral products [P81]",98.3
Oct-20,"Cement, glass, and other non-metallic mineral products [P81]",98.6
Nov-20,"Cement, glass, and other non-metallic mineral products [P81]",99
Dec-20,"Cement, glass, and other non-metallic mineral products [P81]",98.6
Jan-21,"Cement, glass, and other non-metallic mineral products [P81]",99.5
Feb-21,"Cement, glass, and other non-metallic mineral products [P81]",99.8
Mar-21,"Cement, glass, and other non-metallic mineral products [P81]",99.8
Apr-21,"Cement, glass, and other non-metallic mineral products [P81]",100.9
May-21,"Cement, glass, and other non-metallic mineral products [P81]",102.2
Jun-21,"Cement, glass, and other non-metallic mineral products [P81]",103.2
Jul-21,"Cement, glass, and other non-metallic mineral products [P81]",103.6
Aug-21,"Cement, glass, and other non-metallic mineral products [P81]",104
Sep-21,"Cement, glass, and other non-metallic mineral products [P81]",104.3
Oct-21,"Cement, glass, and other non-metallic mineral products [P81]",104.9
Nov-21,"Cement, glass, and other non-metallic mineral products [P81]",104
Dec-21,"Cement, glass, and other non-metallic mineral products [P81]",105.4
Jan-22,"Cement, glass, and other non-metallic mineral products [P81]",107
Feb-22,"Cement, glass, and other non-metallic mineral products [P81]",109.5
Mar-22,"Cement, glass, and other non-metallic mineral products [P81]",109.8
Apr-22,"Cement, glass, and other non-metallic mineral products [P81]",110
May-22,"Cement, glass, and other non-metallic mineral products [P81]",110.3
Jun-22,"Cement, glass, and other non-metallic mineral products [P81]",110.4
Jul-22,"Cement, glass, and other non-metallic mineral products [P81]",113
Aug-22,"Cement, glass, and other non-metallic mineral products [P81]",115.5
Sep-22,"Cement, glass, and other non-metallic mineral products [P81]",115.9
Oct-22,"Cement, glass, and other non-metallic mineral products [P81]",116
Nov-22,"Cement, glass, and other non-metallic mineral products [P81]",115.7
Dec-22,"Cement, glass, and other non-metallic mineral products [P81]",115.9
Jan-23,"Cement, glass, and other non-metallic mineral products [P81]",121.4
Feb-23,"Cement, glass, and other non-metallic mineral products [P81]",122.1
Mar-23,"Cement, glass, and other non-metallic mineral products [P81]",123.8
Apr-23,"Cement, glass, and other non-metallic mineral products [P81]",125.5
May-23,"Cement, glass, and other non-metallic mineral products [P81]",126.4
Jun-23,"Cement, glass, and other non-metallic mineral products [P81]",125.8
Jul-23,"Cement, glass, and other non-metallic mineral products [P81]",125.8
Aug-23,"Cement, glass, and other non-metallic mineral products [P81]",126.5
Sep-23,"Cement, glass, and other non-metallic mineral products [P81]",127.5
Oct-23,"Cement, glass, and other non-metallic mineral products [P81]",128.6
Nov-23,"Cement, glass, and other non-metallic mineral products [P81]",129.7
Dec-23,"Cement, glass, and other non-metallic mineral products [P81]",127.8
Jan-24,"Cement, glass, and other non-metallic mineral products [P81]",130.6
Feb-24,"Cement, glass, and other non-metallic mineral products [P81]",131.3
Mar-24,"Cement, glass, and other non-metallic mineral products [P81]",133.8
Apr-24,"Cement, glass, and other non-metallic mineral products [P81]",135.2
May-24,"Cement, glass, and other non-metallic mineral products [P81]",135.7
Jun-24,"Cement, glass, and other non-metallic mineral products [P81]",135.8
Jul-24,"Cement, glass, and other non-metallic mineral products [P81]",136
Aug-24,"Cement, glass, and other non-metallic mineral products [P81]",136.3
Sep-24,"Cement, glass, and other non-metallic mineral products [P81]",136.8
Oct-24,"Cement, glass, and other non-metallic mineral products [P81]",136.9
Nov-24,"Cement, glass, and other non-metallic mineral products [P81]",136.7
Dec-24,"Cement, glass, and other non-metallic mineral products [P81]",137.1
Jan-25,"Cement, glass, and other non-metallic mineral products [P81]",137.7
Mar-20,Packaging materials and containers [P91],100.2
Apr-20,Packaging materials and containers [P91],100.4
May-20,Packaging materials and containers [P91],100.3
Jun-20,Packaging materials and containers [P91],99.7
Jul-20,Packaging materials and containers [P91],99.7
Aug-20,Packaging materials and containers [P91],99.5
Sep-20,Packaging materials and containers [P91],99.9
Oct-20,Packaging materials and containers [P91],100.2
Nov-20,Packaging materials and containers [P91],101.5
Dec-20,Packaging materials and containers [P91],101.6
Jan-21,Packaging materials and containers [P91],102.3
Feb-21,Packaging materials and containers [P91],103.8
Mar-21,Packaging materials and containers [P91],106.4
Apr-21,Packaging materials and containers [P91],109.4
May-21,Packaging materials and containers [P91],111.1
Jun-21,Packaging materials and containers [P91],111.9
Jul-21,Packaging materials and containers [P91],114.3
Aug-21,Packaging materials and containers [P91],118.1
Sep-21,Packaging materials and containers [P91],119.6
Oct-21,Packaging materials and containers [P91],119.2
Nov-21,Packaging materials and containers [P91],117.9
Dec-21,Packaging materials and containers [P91],118.3
Jan-22,Packaging materials and containers [P91],119.3
Feb-22,Packaging materials and containers [P91],120.1
Mar-22,Packaging materials and containers [P91],122.9
Apr-22,Packaging materials and containers [P91],124.4
May-22,Packaging materials and containers [P91],125.2
Jun-22,Packaging materials and containers [P91],125.9
Jul-22,Packaging materials and containers [P91],127
Aug-22,Packaging materials and containers [P91],127.4
Sep-22,Packaging materials and containers [P91],126.5
Oct-22,Packaging materials and containers [P91],125.2
Nov-22,Packaging materials and containers [P91],124.8
Dec-22,Packaging materials and containers [P91],124.6
Jan-23,Packaging materials and containers [P91],128
Feb-23,Packaging materials and containers [P91],129.1
Mar-23,Packaging materials and containers [P91],130.2
Apr-23,Packaging materials and containers [P91],130.7
May-23,Packaging materials and containers [P91],130.8
Jun-23,Packaging materials and containers [P91],130.7
Jul-23,Packaging materials and containers [P91],128.7
Aug-23,Packaging materials and containers [P91],129.3
Sep-23,Packaging materials and containers [P91],129.3
Oct-23,Packaging materials and containers [P91],128.2
Nov-23,Packaging materials and containers [P91],128.6
Dec-23,Packaging materials and containers [P91],128.7
Jan-24,Packaging materials and containers [P91],128.6
Feb-24,Packaging materials and containers [P91],131.1
Mar-24,Packaging materials and containers [P91],131.4
Apr-24,Packaging materials and containers [P91],131.8
May-24,Packaging materials and containers [P91],132.5
Jun-24,Packaging materials and containers [P91],132
Jul-24,Packaging materials and containers [P91],134
Aug-24,Packaging materials and containers [P91],134.7
Sep-24,Packaging materials and containers [P91],135
Oct-24,Packaging materials and containers [P91],134.9
Nov-24,Packaging materials and containers [P91],135
Dec-24,Packaging materials and containers [P91],135
Jan-25,Packaging materials and containers [P91],135.3
Mar-20,Miscellaneous products [P92],101.8
Apr-20,Miscellaneous products [P92],102.3
May-20,Miscellaneous products [P92],102.3
Jun-20,Miscellaneous products [P92],101.3
Jul-20,Miscellaneous products [P92],100.9
Aug-20,Miscellaneous products [P92],100.4
Sep-20,Miscellaneous products [P92],101.1
Oct-20,Miscellaneous products [P92],101.4
Nov-20,Miscellaneous products [P92],101.5
Dec-20,Miscellaneous products [P92],101.4
Jan-21,Miscellaneous products [P92],101.6
Feb-21,Miscellaneous products [P92],102.5
Mar-21,Miscellaneous products [P92],102.7
Apr-21,Miscellaneous products [P92],103.5
May-21,Miscellaneous products [P92],103.9
Jun-21,Miscellaneous products [P92],104.9
Jul-21,Miscellaneous products [P92],107.1
Aug-21,Miscellaneous products [P92],108
Sep-21,Miscellaneous products [P92],108.7
Oct-21,Miscellaneous products [P92],107.7
Nov-21,Miscellaneous products [P92],108.8
Dec-21,Miscellaneous products [P92],109.5
Jan-22,Miscellaneous products [P92],110.6
Feb-22,Miscellaneous products [P92],110.7
Mar-22,Miscellaneous products [P92],110.9
Apr-22,Miscellaneous products [P92],111.2
May-22,Miscellaneous products [P92],112.4
Jun-22,Miscellaneous products [P92],112.4
Jul-22,Miscellaneous products [P92],112.5
Aug-22,Miscellaneous products [P92],112.4
Sep-22,Miscellaneous products [P92],112.5
Oct-22,Miscellaneous products [P92],112.8
Nov-22,Miscellaneous products [P92],112.7
Dec-22,Miscellaneous products [P92],113.4
Jan-23,Miscellaneous products [P92],113.4
Feb-23,Miscellaneous products [P92],113.5
Mar-23,Miscellaneous products [P92],115.3
Apr-23,Miscellaneous products [P92],114.3
May-23,Miscellaneous products [P92],114.6
Jun-23,Miscellaneous products [P92],114
Jul-23,Miscellaneous products [P92],114.6
Aug-23,Miscellaneous products [P92],115.3
Sep-23,Miscellaneous products [P92],115.5
Oct-23,Miscellaneous products [P92],116.3
Nov-23,Miscellaneous products [P92],116.1
Dec-23,Miscellaneous products [P92],115.8
Jan-24,Miscellaneous products [P92],115.7
Feb-24,Miscellaneous products [P92],119.6
Mar-24,Miscellaneous products [P92],119.2
Apr-24,Miscellaneous products [P92],120.1
May-24,Miscellaneous products [P92],119.9
Jun-24,Miscellaneous products [P92],120.3
Jul-24,Miscellaneous products [P92],120.3
Aug-24,Miscellaneous products [P92],119.9
Sep-24,Miscellaneous products [P92],119.6
Oct-24,Miscellaneous products [P92],120.3
Nov-24,Miscellaneous products [P92],121.1
Dec-24,Miscellaneous products [P92],122.5
Jan-25,Miscellaneous products [P92],123.5
